,precision,recall,f1-score,support
depression,0.7162162162162162,0.8760330578512396,0.7881040892193308,121.0
schizophrenia,0.6222222222222222,0.3888888888888889,0.47863247863247865,72.0
control,0.696969696969697,0.696969696969697,0.696969696969697,66.0
accuracy,0.694980694980695,0.694980694980695,0.694980694980695,0.694980694980695
macro avg,0.6784693784693786,0.6539638812366085,0.6545687549405022,259.0
weighted avg,0.6851820932902013,0.694980694980695,0.6788499353555115,259.0
