,precision,recall,f1-score,support
control,0.6901408450704225,0.8099173553719008,0.7452471482889734,121.0
depression,0.5306122448979592,0.3611111111111111,0.4297520661157025,72.0
schizophrenia,0.6176470588235294,0.6363636363636364,0.6268656716417911,66.0
accuracy,0.640926640926641,0.640926640926641,0.640926640926641,0.640926640926641
macro avg,0.6128000495973037,0.6024640342822161,0.6006216286821556,259.0
weighted avg,0.6273198060560894,0.640926640926641,0.6273752433654617,259.0
