,precision,recall,f1-score,support
control,0.7372262773722628,0.8347107438016529,0.7829457364341085,121.0
depression,0.6,0.5,0.5454545454545454,72.0
schizophrenia,0.7741935483870968,0.7272727272727273,0.75,66.0
accuracy,0.7142857142857143,0.7142857142857143,0.7142857142857143,0.7142857142857143
macro avg,0.703806608586453,0.6873278236914601,0.6928000939628847,259.0
weighted avg,0.7084986631490046,0.7142857142857143,0.7085295806226038,259.0
