,precision,recall,f1-score,support
0,0.7357142857142858,0.8512396694214877,0.789272030651341,121.0
1,0.5714285714285714,0.4444444444444444,0.5,72.0
2,0.746031746031746,0.7121212121212122,0.7286821705426356,66.0
accuracy,0.7027027027027027,0.7027027027027027,0.7027027027027027,0.7027027027027027
macro avg,0.6843915343915343,0.6692684419957148,0.6726514003979922,259.0
weighted avg,0.6926732855304284,0.7027027027027027,0.6934167527591746,259.0
