Model,Accuracy,Training Time (s)
XGBoost,0.6943811265888091,1520.4567880630493
LogisticRegression_GPU,0.5841392874717712,25.661318063735962
RandomForest,0.6856385722996107,6.494555950164795
